,alpha,beta_mercado,beta_tamanho,beta_valor,beta_liquidez,beta_momentum,beta_beta,tvalue_alpha,tvalue_mercado,tvalue_tamanho,tvalue_valor,tvalue_liquidez,tvalue_momentum,tvalue_beta,pvalue_alpha,pvalue_mercado,pvalue_tamanho,pvalue_valor,pvalue_liquidez,pvalue_momentum,pvalue_beta,fvalue,f_pvalue,R_squared_adj
2020-12-18,0.003093471674511763,0.8416561111642697,-0.053099729109035924,0.011000583640174469,0.042246649290195636,-0.025704072022781705,-0.020103021515491155,2.3357336593639677,43.25592541768849,-2.582920408861127,0.3734922491715153,1.2230572518667886,-1.3542868275330815,-0.5740848688998036,0.0196782737657358,1.8601399050858937e-242,0.009920825752562519,0.7088517386208795,0.22156150516119225,0.17591396578398377,0.5660239197715156,314.25567022100034,2.573733526865103e-237,0.6218404848596014
