,alpha,beta_mercado,beta_tamanho,beta_valor,beta_liquidez,beta_momentum,beta_beta,tvalue_alpha,tvalue_mercado,tvalue_tamanho,tvalue_valor,tvalue_liquidez,tvalue_momentum,tvalue_beta,pvalue_alpha,pvalue_mercado,pvalue_tamanho,pvalue_valor,pvalue_liquidez,pvalue_momentum,pvalue_beta,fvalue,f_pvalue,R_squared_adj
2021-01-26,0.00035201036757407305,0.6564850401197062,-0.014100168976298061,-0.003826847106045206,-0.02890036300133292,0.006195651460982002,0.01982343786679651,0.7178236921029595,78.68916079537145,-1.8061315354673375,-0.309558352111127,-2.2292274492237603,0.9795467202799503,1.5245241592560086,0.47293517527140694,0.0,0.07102178443449109,0.7569234388701351,0.02589009007059071,0.32740766677404065,0.12750827657677816,1037.303891399769,0.0,0.7190044359023613
