,alpha,beta_mercado,beta_tamanho,beta_valor,beta_liquidez,beta_momentum,beta_beta,tvalue_alpha,tvalue_mercado,tvalue_tamanho,tvalue_valor,tvalue_liquidez,tvalue_momentum,tvalue_beta,pvalue_alpha,pvalue_mercado,pvalue_tamanho,pvalue_valor,pvalue_liquidez,pvalue_momentum,pvalue_beta,fvalue,f_pvalue,R_squared_adj
2020-12-18,0.004994879252314535,0.2872127186219821,0.0005102190591518342,-0.06679327075868485,0.0025698739023664557,-0.03997558071503802,-0.026665854714798362,4.277267500021982,14.148362460093962,0.02642165153642795,-2.1987065339106424,0.08103750686556324,-2.690406784589648,-0.8292278656493628,1.982892068115985e-05,2.391714332772362e-43,0.9789237103619814,0.028015099653500367,0.9354203854547234,0.007196983316652597,0.40707629950867297,35.53173436392211,5.322715856795365e-41,0.09520784835500229
