,alpha,beta_mercado,beta_tamanho,beta_valor,beta_liquidez,beta_momentum,beta_beta,tvalue_alpha,tvalue_mercado,tvalue_tamanho,tvalue_valor,tvalue_liquidez,tvalue_momentum,tvalue_beta,pvalue_alpha,pvalue_mercado,pvalue_tamanho,pvalue_valor,pvalue_liquidez,pvalue_momentum,pvalue_beta,fvalue,f_pvalue,R_squared_adj
2020-12-18,0.0002490057798014021,0.5229002487591305,-0.0024074230541761,0.0014843211587590565,-0.02856896788402579,0.00921125992787012,0.022994464381792635,0.615741735916706,79.6419136800945,-0.3753204875250355,0.1419895257066072,-3.0011080822548997,1.6958825378908002,2.1007459038973253,0.538108546505735,0.0,0.7074468744795341,0.8870971703068757,0.0027106499427965885,0.09000488495939647,0.03574091136662283,1059.9738458801994,0.0,0.6634590360659778
