,alpha,beta_mercado,beta_tamanho,beta_valor,beta_liquidez,beta_momentum,beta_beta,tvalue_alpha,tvalue_mercado,tvalue_tamanho,tvalue_valor,tvalue_liquidez,tvalue_momentum,tvalue_beta,pvalue_alpha,pvalue_mercado,pvalue_tamanho,pvalue_valor,pvalue_liquidez,pvalue_momentum,pvalue_beta,fvalue,f_pvalue,R_squared_adj
2021-01-26,0.001303903477713621,0.45402853594644327,-0.004592657644331197,-0.018025560608409954,-0.033574026086164346,-0.003573749338700665,0.03894731153065133,2.2722437567392713,48.7294171521839,-0.512412706744532,-1.254868130406781,-2.2849091859373964,-0.4773741183976498,2.6642751675545724,0.023151764144426958,0.0,0.608405000556143,0.20963754166123577,0.02239701705899384,0.6331351979038002,0.007762299895546344,398.52841209197294,0.0,0.47370202966395836
