,alpha,beta_mercado,beta_tamanho,beta_valor,beta_liquidez,beta_momentum,beta_beta,tvalue_alpha,tvalue_mercado,tvalue_tamanho,tvalue_valor,tvalue_liquidez,tvalue_momentum,tvalue_beta,pvalue_alpha,pvalue_mercado,pvalue_tamanho,pvalue_valor,pvalue_liquidez,pvalue_momentum,pvalue_beta,fvalue,f_pvalue,R_squared_adj
2020-12-18,0.0003907175462252287,0.5131642418144728,-0.004033089187088947,0.006968440303088073,-0.025924373254262053,0.0037222806495460013,0.02330488006523346,0.785669156771448,63.56146458133446,-0.5201821045276048,0.5639802298037251,-2.0341958200389376,0.5762297353957562,1.8489405436784279,0.432134561209804,0.0,0.6029819551271097,0.5728173390928073,0.042035474468632227,0.5645109227138356,0.06458243740480982,676.7650468756108,0.0,0.6140908504902413
